{"cameraMode":{"drawMode":0,"name":"Shaded","section":"Shading Mode"},"sceneLighting":false,"audioPlay":false,"sceneViewState":{"showFog":true,"showMaterialUpdate":false,"showSkybox":false,"showFlares":true,"showImageEffects":true,"showParticleSystems":true},"in2DMode":false,"pivot":{"x":0.7100046873092651,"y":1.1136057376861573,"z":3.8359527587890627},"rotation":{"x":0.03643312305212021,"y":-0.9589403867721558,"z":0.2410917729139328,"w":0.14492180943489076},"size":-0.030123472213745118,"orthographic":false}